Handle,Title,Body (HTML),Vendor,Type,Tags,Published,Option1 Name,Option1 Value,Variant SKU,Variant Grams,Variant Inventory Tracker,Variant Inventory Qty,Variant Inventory Policy,Variant Fulfillment Service,Variant Price,Variant Compare At Price,Variant Requires Shipping,Variant Taxable,Image Src,Image Alt Text,Status
noni-starter-kit-celimax,NONI Starter Kit (Calming + Radiance),<p>Kit complet de soins apaisants et illuminants avec les produits signature Celimax. Parfait pour débuter une routine skincare luxe. Ce kit deux-en-un combine les meilleurs actifs apaisants pour une peau lumineuse et équilibrée.</p>,Celimax,Kit soin,"skincare,kit,apaisant,illuminant,celimax",TRUE,Titre,Taille unique,CEL-KIT-001,0,shopify,10,continue,manual,35,45,TRUE,FALSE,https://images.unsplash.com/photo-g6q3lFAe3kA?w=600&q=80&auto=format&fit=crop,NONI Starter Kit Celimax,active
madagascar-centella-duo-skin1004,Madagascar Centella Quick Calming Duo,<p>Duo apaisant à base de centella malgache. Réduit les rougeurs et apaise les peaux sensibles. Formule légère et rapide d'absorption. Idéal pour les peaux réactives et irritées.</p>,Skin1004,Soin/Crème,"skincare,centella,apaisant,duo,skin1004,peaux-sensibles",TRUE,Titre,Taille unique,SK1-CAL-001,0,shopify,15,continue,manual,32,42,TRUE,FALSE,https://images.unsplash.com/photo-ShuXkYOkDvs?w=600&q=80&auto=format&fit=crop,Madagascar Centella Calming Duo Skin1004,active
snow-white-spot-gel-secret-key,Snow White Spot Gel,<p>Gel concentré anti-taches pour les imperfections localisées. Éclaircissant et efficace sur les taches pigmentaires. Texture légère qui pénètre rapidement sans résidu.</p>,Secret Key,Gel ciblé,"skincare,anti-taches,gel,eclaircissant,secret-key",TRUE,Titre,Taille unique,SK-SPO-001,0,shopify,20,continue,manual,18,26,TRUE,FALSE,https://images.unsplash.com/photo-ShuXkYOkDvs?w=600&q=80&auto=format&fit=crop,Snow White Spot Gel Secret Key,active
peel-shot-kojic-spray-dr-melaxin,Peel Shot Exfoliating Kojic Acid Turmeric Spray 200ml,<p>Spray exfoliant puissant pour corps et pieds. Acide kojique + curcuma. Résultats visibles en 1-2 semaines. Texture spray légère et pratique pour une application uniforme.</p>,Dr.Melaxin,Spray exfoliant,"skincare,exfoliant,corps,pieds,acide-kojique,curcuma,dr-melaxin",TRUE,Titre,200ml,DRM-KOJ-001,0,shopify,15,continue,manual,28,38,TRUE,FALSE,https://images.unsplash.com/photo-j24HPh0Q84g?w=600&q=80&auto=format&fit=crop,Peel Shot Kojic Acid Turmeric Spray Dr.Melaxin,active
peel-shot-black-rice-ampoule-dr-melaxin,Peel Shot Exfoliating Black Rice Ampoule 80ml,<p>Ampoule exfoliante au riz noir. Eau de son de riz + niacinamide. Texture légère et efficace. Le riz noir est riche en antioxydants pour un teint lumineux.</p>,Dr.Melaxin,Ampoule,"skincare,ampoule,exfoliant,riz-noir,niacinamide,dr-melaxin",TRUE,Titre,80ml,DRM-BRC-001,0,shopify,15,continue,manual,24,34,TRUE,FALSE,https://images.unsplash.com/photo-j24HPh0Q84g?w=600&q=80&auto=format&fit=crop,Peel Shot Black Rice Ampoule Dr.Melaxin,active
peel-shot-white-rice-ampoule-dr-melaxin,Peel Shot Exfoliating White Rice Ampoule 80ml,<p>Ampoule exfoliante au riz blanc. Nettoyage en profondeur et luminosité. Formule douce pour tous les types de peaux. Idéale en cure de 4 semaines.</p>,Dr.Melaxin,Ampoule,"skincare,ampoule,exfoliant,riz-blanc,dr-melaxin",TRUE,Titre,80ml,DRM-WRC-001,0,shopify,15,continue,manual,24,34,TRUE,FALSE,https://images.unsplash.com/photo-j24HPh0Q84g?w=600&q=80&auto=format&fit=crop,Peel Shot White Rice Ampoule Dr.Melaxin,active
rose-pdrn-serum-numbuzin,Rose PDRN Collagen Plumping Serum No.2 - 30ml,<p>Sérum repulpant à base de PDRN et rose. 6 peptides pour l'élasticité. Anti-rides et fermeté maximale. Le PDRN (Polydeoxyribonucleotide) est un actif régénérant de pointe utilisé en médecine esthétique.</p>,Numbuzin,Sérum,"skincare,serum,pdrn,collagene,anti-rides,peptides,numbuzin",TRUE,Titre,30ml,NUB-RPD-001,0,shopify,10,continue,manual,38,52,TRUE,FALSE,https://images.unsplash.com/photo-j24HPh0Q84g?w=600&q=80&auto=format&fit=crop,Rose PDRN Collagen Plumping Serum Numbuzin,active
dark-spot-serum-axis-y,Dark Spot Correcting Glow Serum,"<p>Sérum correcteur de taches avec niacinamide 5% + squalane. Unifie le teint et illumine. Formule douce adaptée à tous types de peaux, y compris sensibles.</p>",Axis-Y,Sérum ciblé,"skincare,serum,anti-taches,niacinamide,squalane,axis-y,eclaircissant",TRUE,Titre,Taille unique,AXY-DSC-001,0,shopify,12,continue,manual,32,44,TRUE,FALSE,https://images.unsplash.com/photo-j24HPh0Q84g?w=600&q=80&auto=format&fit=crop,Dark Spot Correcting Glow Serum Axis-Y,active
clinique-cleansing-balm-125ml,Take The Day Off Cleansing Balm 125ml,<p>Baume démaquillant fondant qui dissout tous les maquillages. Formule douce recommandée par les dermatologues. S'émulsionne au contact de l'eau pour un rinçage facile et complet.</p>,Clinique,Baume démaquillant,"skincare,demaquillant,baume,clinique,peaux-sensibles,dermatologique",TRUE,Titre,125ml,CLI-TDO-001,0,shopify,10,continue,manual,36,48,TRUE,FALSE,https://images.unsplash.com/photo-ShuXkYOkDvs?w=600&q=80&auto=format&fit=crop,Take The Day Off Cleansing Balm Clinique,active
numbuzin-mask-cleansing-balm-3,Skin Softening Mask-Cleansing Balm No.3,<p>Masque nettoyant 2-en-1. Texture verte apaisante. Nettoie en profondeur tout en adoucissant la peau. Double action: démaquillage + soin en un seul geste.</p>,Numbuzin,Masque nettoyant,"skincare,masque,nettoyant,2-en-1,numbuzin,apaisant",TRUE,Titre,Taille unique,NUB-MSK-001,0,shopify,10,continue,manual,29,40,TRUE,FALSE,https://images.unsplash.com/photo-DIoJUtrr-_o?w=600&q=80&auto=format&fit=crop,Skin Softening Mask Cleansing Balm Numbuzin,active
medicube-red-succinic-pad-70,Red Succinic Acid Peeling Pad 70 pads,<p>70 pads exfoliants à l'acide succinique 0.5% + panthenol + niacinamide 2%. Exfoliation chimique douce. Chaque pad est imbibé d'une formule équilibrante pour une peau nette.</p>,Medicube,Pad exfoliant,"skincare,pads,exfoliant,acide-succinique,niacinamide,medicube",TRUE,Titre,70 pads,MED-RSP-001,0,shopify,15,continue,manual,22,30,TRUE,FALSE,https://images.unsplash.com/photo-9PnU-U7V6YE?w=600&q=80&auto=format&fit=crop,Red Succinic Acid Peeling Pad Medicube,active
medicube-deep-vita-c-pad-70,Deep Vita C Pad 70 pads,<p>Pads vitaminés avec eau vitaminée + dérivé de vitamine C + niacinamide 2%. Éclat et clarté immédiate. Formule légère pour une utilisation quotidienne matin et soir.</p>,Medicube,Pad vitaminé,"skincare,pads,vitamine-c,niacinamide,eclat,medicube",TRUE,Titre,70 pads,MED-DVC-001,0,shopify,15,continue,manual,22,30,TRUE,FALSE,https://images.unsplash.com/photo-9PnU-U7V6YE?w=600&q=80&auto=format&fit=crop,Deep Vita C Pad Medicube,active
celimax-pore-brightening-pad-40,Pore + Dark Spot Brightening Pad 100ml/40 pads,<p>Pads clarifiant pores et taches. Action double: affinage des pores + éclaircissement des taches. 40 pads saturés d'actifs pour un teint uniformisé.</p>,Celimax,Pad clarifiant,"skincare,pads,pores,taches,eclaircissant,celimax",TRUE,Titre,40 pads,CEL-PDB-001,0,shopify,15,continue,manual,20,28,TRUE,FALSE,https://images.unsplash.com/photo-9PnU-U7V6YE?w=600&q=80&auto=format&fit=crop,Pore Dark Spot Brightening Pad Celimax,active
medicube-pdrn-lip-sleeping-mask,PDRN Lip Sleeping Mask 10g,<p>Masque de nuit pour les lèvres. PDRN régénérant. Lèvres lisses et hydratées au réveil. Formule onctueuse qui nourrit intensément pendant la nuit.</p>,Medicube,Masque lèvres nuit,"skincare,levres,masque-nuit,pdrn,hydratant,medicube",TRUE,Titre,10g,MED-PLS-001,0,shopify,20,continue,manual,16,24,TRUE,FALSE,https://images.unsplash.com/photo-DIoJUtrr-_o?w=600&q=80&auto=format&fit=crop,PDRN Lip Sleeping Mask Medicube,active
medicube-azelaic-acid-exosome-shot,Azelaic Acid Exosome Shot 7500 - 30ml,<p>Sérum avancé avec acide azélaïque + niacinamide + exosomes. Anti-inflammatoire et correcteur. Les exosomes 7500 boostent la régénération cellulaire pour une peau transformée.</p>,Medicube,Sérum avancé,"skincare,serum,acide-azelaique,exosomes,niacinamide,anti-inflammatoire,medicube",TRUE,Titre,30ml,MED-AAE-001,0,shopify,10,continue,manual,45,60,TRUE,FALSE,https://images.unsplash.com/photo-j24HPh0Q84g?w=600&q=80&auto=format&fit=crop,Azelaic Acid Exosome Shot Medicube,active
medicube-exosome-cica-serum,Exosome Cica Serum 30ml,<p>Sérum réparateur avec exosomes + centella 60% + tea tree. Apaise les peaux irritées et sensibles. La concentration de 60% en centella en fait l'un des sérums réparateurs les plus puissants.</p>,Medicube,Sérum réparateur,"skincare,serum,exosomes,centella,cica,reparateur,medicube",TRUE,Titre,30ml,MED-ECS-001,0,shopify,10,continue,manual,42,56,TRUE,FALSE,https://images.unsplash.com/photo-j24HPh0Q84g?w=600&q=80&auto=format&fit=crop,Exosome Cica Serum Medicube,active
medicube-retinol-nmn-serum,Retinol NMN Boosting Serum 1.9% - 30ml,<p>Sérum anti-âge au rétinol 1.9% (Retinol-Some). Lisse les rides et booste la régénération. La technologie Retinol-Some permet une diffusion progressive pour une tolérance maximale.</p>,Medicube,Sérum anti-âge,"skincare,serum,retinol,anti-age,anti-rides,regeneration,medicube",TRUE,Titre,30ml,MED-RNM-001,0,shopify,10,continue,manual,48,64,TRUE,FALSE,https://images.unsplash.com/photo-j24HPh0Q84g?w=600&q=80&auto=format&fit=crop,Retinol NMN Boosting Serum Medicube,active
medicube-one-day-exosome-shot-2000,One Day Exosome Shot 2000 - 30ml,<p>Sérum intensif avec 2000 exosomes. AHA+BHA+PHA pour exfoliation complète. Transformation visible en 1 jour. Triple acide + exosomes pour une peau régénérée du jour au lendemain.</p>,Medicube,Sérum intensif,"skincare,serum,exosomes,aha,bha,pha,exfoliation,medicube",TRUE,Titre,30ml,MED-ODE-001,0,shopify,10,continue,manual,50,68,TRUE,FALSE,https://images.unsplash.com/photo-j24HPh0Q84g?w=600&q=80&auto=format&fit=crop,One Day Exosome Shot 2000 Medicube,active
medicube-kojic-eye-gel-serum,Kojic Acid Turmeric Vita Eye Gel Serum 30ml,<p>Contour yeux avec acide kojique + curcuma + vitamine C + caféine. Réduit les cernes et les rides. Formule gel rafraîchissante pour défroisser le regard dès le matin.</p>,Medicube,Contour yeux,"skincare,contour-yeux,acide-kojique,cafeine,cernes,medicube",TRUE,Titre,30ml,MED-KJE-001,0,shopify,10,continue,manual,28,38,TRUE,FALSE,https://images.unsplash.com/photo-j24HPh0Q84g?w=600&q=80&auto=format&fit=crop,Kojic Acid Turmeric Eye Gel Serum Medicube,active
medicube-deep-vita-a-retinol-serum,Deep Vita A Retinol Serum 30ml,<p>Sérum rétinol avec complexe HPR+5-rétinol 1% + complexe collagène 3%. Fermeté et élasticité maximales. La combinaison HPR (hydroxypinacolone rétinoate) + rétinol offre une efficacité anti-âge double.</p>,Medicube,Sérum rétinol,"skincare,serum,retinol,anti-age,collagene,fermete,medicube",TRUE,Titre,30ml,MED-DVA-001,0,shopify,10,continue,manual,46,62,TRUE,FALSE,https://images.unsplash.com/photo-j24HPh0Q84g?w=600&q=80&auto=format&fit=crop,Deep Vita A Retinol Serum Medicube,active
medicube-kojic-toning-cleanser,Kojic Acid Turmeric Toning Cleanser 100 - 120g,<p>Nettoyant poudre à l'acide kojique 100. Transforme en mousse luxe. Purifie et uniformise le teint. La texture poudre permet un dosage précis pour une expérience sur mesure.</p>,Medicube,Nettoyant,"skincare,nettoyant,poudre,acide-kojique,mousse,medicube",TRUE,Titre,120g,MED-KTC-001,0,shopify,15,continue,manual,25,35,TRUE,FALSE,https://images.unsplash.com/photo-ShuXkYOkDvs?w=600&q=80&auto=format&fit=crop,Kojic Acid Turmeric Toning Cleanser Medicube,active
medicube-collagen-jelly-cream,Collagen Jelly Cream 110ml,<p>Crème collagène gelée. Collagène + collagène soluble + hydrolysé. Hydratation intense et lissante. La texture gel unique se transforme en sérum soyeux à l'application.</p>,Medicube,Crème,"skincare,creme,collagene,gelée,hydratant,medicube",TRUE,Titre,110ml,MED-CJC-001,0,shopify,10,continue,manual,35,48,TRUE,FALSE,https://images.unsplash.com/photo-ShuXkYOkDvs?w=600&q=80&auto=format&fit=crop,Collagen Jelly Cream Medicube,active
medicube-collagen-night-mask,Collagen Night Wrapping Mask 75ml,"<p>Masque de nuit collagène. Extrait de collagène + niacinamide + céramide NP. Réveil éclatant. Appliqué le soir, agit pendant 8h pour une peau rebondie au matin.</p>",Medicube,Masque nuit,"skincare,masque-nuit,collagene,niacinamide,ceramide,medicube",TRUE,Titre,75ml,MED-CNM-001,0,shopify,10,continue,manual,32,44,TRUE,FALSE,https://images.unsplash.com/photo-DIoJUtrr-_o?w=600&q=80&auto=format&fit=crop,Collagen Night Wrapping Mask Medicube,active
medicube-collagen-glow-booster-stylo,Collagen Glow Booster Serum (stylo),<p>Sérum booster format stylo pratique. Collagène repulpant. Utilisation quotidienne facile. Le format stylo permet une application précise et hygiénique en déplacement.</p>,Medicube,Sérum booster,"skincare,serum,collagene,booster,stylo,medicube",TRUE,Titre,Taille unique,MED-CGB-001,0,shopify,15,continue,manual,26,36,TRUE,FALSE,https://images.unsplash.com/photo-j24HPh0Q84g?w=600&q=80&auto=format&fit=crop,Collagen Glow Booster Serum Medicube,active
medicube-pdrn-pink-capsule-cream,PDRN Pink Collagen Capsule Cream 55g,<p>Crème capsule rose au PDRN + acide sodium DNA + niacinamide 5%. Régénération et luminosité. La texture capsule libère les actifs progressivement pour un effet prolongé.</p>,Medicube,Crème,"skincare,creme,pdrn,collagene,niacinamide,regeneration,medicube",TRUE,Titre,55g,MED-PPC-001,0,shopify,10,continue,manual,40,54,TRUE,FALSE,https://images.unsplash.com/photo-ShuXkYOkDvs?w=600&q=80&auto=format&fit=crop,PDRN Pink Collagen Capsule Cream Medicube,active
medicube-txa-niacinamide-capsule-cream,TXA Niacinamide Capsule Cream 5% - 55g,<p>Crème capsule rouge au TXA + niacinamide 5%. Clarifiante et apaisante pour peaux problématiques. Le TXA (acide tranexamique) est un puissant dépigmentant de nouvelle génération.</p>,Medicube,Crème,"skincare,creme,txa,niacinamide,clarifiante,medicube",TRUE,Titre,55g,MED-TNC-001,0,shopify,10,continue,manual,38,52,TRUE,FALSE,https://images.unsplash.com/photo-ShuXkYOkDvs?w=600&q=80&auto=format&fit=crop,TXA Niacinamide Capsule Cream Medicube,active
medicube-txa-niacinamide-15-serum,TXA Niacinamide 15 Serum 30ml,<p>Sérum puissant TXA + niacinamide 15%. Action correctrice et apaisante. Résultat en 7 jours. La concentration de niacinamide 15% est l'une des plus élevées du marché pour une efficacité maximale.</p>,Medicube,Sérum,"skincare,serum,txa,niacinamide,correcteur,medicube",TRUE,Titre,30ml,MED-TNS-001,0,shopify,10,continue,manual,44,60,TRUE,FALSE,https://images.unsplash.com/photo-j24HPh0Q84g?w=600&q=80&auto=format&fit=crop,TXA Niacinamide 15 Serum Medicube,active
medicube-pdrn-sun-cream-spf50,PDRN Pink Tone Up Sun Cream SPF50+ PA++++ 50ml,<p>Crème solaire teintée PDRN + sodium DNA + glutathion. Protection + lumière + teint unifié. Double action protection solaire et soin régénérant pour une peau lumineuse toute la journée.</p>,Medicube,Crème solaire,"skincare,solaire,spf50,pdrn,teinté,protection,medicube",TRUE,Titre,50ml,MED-PSC-001,0,shopify,12,continue,manual,32,44,TRUE,FALSE,https://images.unsplash.com/photo-ShuXkYOkDvs?w=600&q=80&auto=format&fit=crop,PDRN Pink Tone Up Sun Cream SPF50 Medicube,active
medicube-hyaluronic-ceramide-jelly-cream,Hyaluronic Ceramide Jelly Cream 60ml,<p>Crème gelée avec 10 types d'acide hyaluronique + céramides + niacinamide 2%. Hydratation extrême. Les 10 variantes d'acide hyaluronique hydratent à toutes les profondeurs cutanées.</p>,Medicube,Crème,"skincare,creme,hyaluronique,ceramide,niacinamide,hydratation,medicube",TRUE,Titre,60ml,MED-HCJ-001,0,shopify,10,continue,manual,34,46,TRUE,FALSE,https://images.unsplash.com/photo-ShuXkYOkDvs?w=600&q=80&auto=format&fit=crop,Hyaluronic Ceramide Jelly Cream Medicube,active
medicube-zero-pore-serum,Zero Pore One Day Serum 30ml,<p>Sérum pores avec AHA+BHA+PHA 15.2% + allantoine. Affinage des pores en 1 jour. La combinaison triple acide à 15.2% est optimisée pour une exfoliation efficace sans irritation.</p>,Medicube,Sérum pores,"skincare,serum,pores,aha,bha,pha,exfoliant,medicube",TRUE,Titre,30ml,MED-ZPS-001,0,shopify,10,continue,manual,36,50,TRUE,FALSE,https://images.unsplash.com/photo-j24HPh0Q84g?w=600&q=80&auto=format&fit=crop,Zero Pore One Day Serum Medicube,active
medicube-red-acne-body-spray,Red Acne Body Peeling Shot 110g,<p>Spray corps anti-acné. AHA+BHA+PHA+LHA 32% + niacinamide 2% + acide succinique. Corps lisse. La formule quadruple acide à 32% offre une exfoliation complète pour un corps parfait.</p>,Medicube,Spray corps,"skincare,corps,anti-acne,exfoliant,aha,bha,medicube",TRUE,Titre,110g,MED-RAB-001,0,shopify,10,continue,manual,28,38,TRUE,FALSE,https://images.unsplash.com/photo-j24HPh0Q84g?w=600&q=80&auto=format&fit=crop,Red Acne Body Peeling Shot Medicube,active
medicube-red-foam-cleanser,Red Foam Cleanser 120ml,"<p>Nettoyant mousse anti-acné. Formule richement moussante. Purifie et apaise. Idéal pour une routine anti-imperfections, ce nettoyant élimine les excès de sébum sans assécher.</p>",Medicube,Nettoyant mousse,"skincare,nettoyant,mousse,anti-acne,purifiant,medicube",TRUE,Titre,120ml,MED-RFC-001,0,shopify,15,continue,manual,22,30,TRUE,FALSE,https://images.unsplash.com/photo-ShuXkYOkDvs?w=600&q=80&auto=format&fit=crop,Red Foam Cleanser Medicube,active
medicube-pdrn-pink-peptide-eye-cream,PDRN Pink Peptide Eye Cream 30ml,<p>Contour yeux peptides rose. PDRN + sodium DNA + niacinamide 5%. Rides et cernes réduits. Formule ultra-concentrée en actifs régénérants pour un regard rajeuni.</p>,Medicube,Contour yeux,"skincare,contour-yeux,pdrn,peptides,cernes,rides,medicube",TRUE,Titre,30ml,MED-PPE-001,0,shopify,10,continue,manual,30,42,TRUE,FALSE,https://images.unsplash.com/photo-ShuXkYOkDvs?w=600&q=80&auto=format&fit=crop,PDRN Pink Peptide Eye Cream Medicube,active
medicube-red-acne-peel-1min,Red Acne Succinic Acid Peel 1 Min - 40g,"<p>Peeling rapide 1 minute. Acide succinique + AHA + BHA. Exfoliation express. En seulement 60 secondes, ce peeling professionnel élimine les impuretés et resserre les pores.</p>",Medicube,Peeling 1 minute,"skincare,peeling,acide-succinique,aha,bha,express,medicube",TRUE,Titre,40g,MED-RAP-001,0,shopify,12,continue,manual,26,36,TRUE,FALSE,https://images.unsplash.com/photo-ShuXkYOkDvs?w=600&q=80&auto=format&fit=crop,Red Acne Succinic Acid Peel 1 Min Medicube,active
medicube-red-cream,Red Cream 50ml,"<p>Crème anti-acné classique. Apaise et clarifie. Base parfaite de routine. La formule éprouvée Medicube pour une peau nette, l'incontournable des routines anti-imperfections.</p>",Medicube,Crème anti-acné,"skincare,creme,anti-acne,apaisant,medicube",TRUE,Titre,50ml,MED-RCR-001,0,shopify,15,continue,manual,28,38,TRUE,FALSE,https://images.unsplash.com/photo-ShuXkYOkDvs?w=600&q=80&auto=format&fit=crop,Red Cream Medicube,active
arencia-vitamin-c-booster-shot,Vitamin C Booster Shot 30ml,<p>Booster vitaminé. Vitamine C complexe 15% + glutathion. Utilisation universelle face + yeux. La formule double action illumine et protège contre le stress oxydatif.</p>,Arencia,Booster visage et yeux,"skincare,booster,vitamine-c,glutathion,eclat,arencia",TRUE,Titre,30ml,ARE-VCB-001,0,shopify,10,continue,manual,40,54,TRUE,FALSE,https://images.unsplash.com/photo-j24HPh0Q84g?w=600&q=80&auto=format&fit=crop,Vitamin C Booster Shot Arencia,active
arencia-retinal-booster-shot,Retinal Booster Shot 30ml,"<p>Booster rétinal. Complexe Retin-A 2% + caféine. Fermeté et dynamisme. Le rétinal, précurseur direct du rétinol, offre une efficacité anti-âge supérieure avec moins d'irritations.</p>",Arencia,Booster fermeté,"skincare,booster,retinal,cafeine,fermete,anti-age,arencia",TRUE,Titre,30ml,ARE-RBS-001,0,shopify,10,continue,manual,42,56,TRUE,FALSE,https://images.unsplash.com/photo-j24HPh0Q84g?w=600&q=80&auto=format&fit=crop,Retinal Booster Shot Arencia,active
dr-g-red-blemish-cream,R.E.D Blemish Clear Soothing Cream 70ml,"<p>Crème apaisante anti-imperfections. R.E.D system apaisant. Calme les inflammations. Recommandée par les dermatologues coréens, cette crème est le soin de référence pour les peaux réactives.</p>",Dr.G,Crème apaisante,"skincare,creme,apaisant,anti-imperfections,inflammations,dr-g",TRUE,Titre,70ml,DRG-RED-001,0,shopify,10,continue,manual,30,42,TRUE,FALSE,https://images.unsplash.com/photo-ShuXkYOkDvs?w=600&q=80&auto=format&fit=crop,RED Blemish Clear Soothing Cream Dr.G,active
goodal-green-tangerine-sun-cream,Green Tangerine Vita-C Dark Spot Care Tone Up Cream SPF50+ PA++++,"<p>Crème solaire teintée. Vitamine C + acide kojique. Protection + luminosité + unifiance. L'extrait de mandarine verte, riche en vitamine C, agit contre les taches brunes tout en protégeant.</p>",Goodal,Crème solaire éclat,"skincare,solaire,spf50,vitamine-c,teinté,anti-taches,goodal",TRUE,Titre,Taille unique,GOO-GTC-001,0,shopify,12,continue,manual,34,46,TRUE,FALSE,https://images.unsplash.com/photo-ShuXkYOkDvs?w=600&q=80&auto=format&fit=crop,Green Tangerine Vita-C Tone Up Cream Goodal,active
mary-may-spicule-retinol-cream,Spicule Retinol PDRN Cream 2000 Shot,<p>Crème spicule rétinol. 2000ppm spicule + 1000ppm rétinol + 2% panthenol + cica PDRN. La technologie spicule microinfuse les actifs en profondeur pour une efficacité décuplée.</p>,Mary & May,Crème,"skincare,creme,spicule,retinol,pdrn,cica,mary-and-may",TRUE,Titre,Taille unique,MAM-SRP-001,0,shopify,10,continue,manual,36,50,TRUE,FALSE,https://images.unsplash.com/photo-j24HPh0Q84g?w=600&q=80&auto=format&fit=crop,Spicule Retinol PDRN Cream Mary May,active
centellian24-madeca-cream,Madeca Cream Time Reverse 50ml,"<p>Crème centella thérapeutique. TECAology + Madeca science. Réparation intensive. Développée avec la technologie TECAology exclusive, cette crème inverse les signes du vieillissement cutané.</p>",Centellian 24,Crème,"skincare,creme,centella,reparateur,anti-age,centellian24",TRUE,Titre,50ml,C24-MCR-001,0,shopify,10,continue,manual,38,52,TRUE,FALSE,https://images.unsplash.com/photo-ShuXkYOkDvs?w=600&q=80&auto=format&fit=crop,Madeca Cream Time Reverse Centellian 24,active
skin1004-centella-retinol-ampoule,Madagascar Centella Retinol 0.2% Boosting Shot Ampoule 30ml,<p>Ampoule centella + rétinol 0.2%. 500 shot spicule + squalane. Régénération maximale. L'association centella + rétinol dans une base squalane offre efficacité et tolérance cutanée.</p>,Skin1004,Ampoule,"skincare,ampoule,centella,retinol,spicule,squalane,skin1004",TRUE,Titre,30ml,SK1-CRA-001,0,shopify,10,continue,manual,36,50,TRUE,FALSE,https://images.unsplash.com/photo-j24HPh0Q84g?w=600&q=80&auto=format&fit=crop,Madagascar Centella Retinol Ampoule Skin1004,active
skin1004-centella-niacinamide-ampoule,Madagascar Centella Niacinamide 10% Boosting Shot Ampoule 30ml,<p>Ampoule centella + niacinamide 10%. 300 shot spicule + acide tranexamique. Clarté et apaisement. La formule boostée offre un double bénéfice : clarté du teint et apaisement des inflammations.</p>,Skin1004,Ampoule,"skincare,ampoule,centella,niacinamide,anti-taches,skin1004",TRUE,Titre,30ml,SK1-CNA-001,0,shopify,10,continue,manual,32,44,TRUE,FALSE,https://images.unsplash.com/photo-j24HPh0Q84g?w=600&q=80&auto=format&fit=crop,Madagascar Centella Niacinamide Ampoule Skin1004,active
aplb-glutathione-sunscreen,Glutathione Niacinamide Sunscreen SPF50 PA++++ 40ml,<p>Crème solaire lipo glutathion. Centella asiatica. Protection + blancheur. Le glutathion liposomal pénètre en profondeur pour éclaircir uniformément tout en protégeant du soleil.</p>,APLB,Crème solaire,"skincare,solaire,spf50,glutathion,niacinamide,aplb",TRUE,Titre,40ml,APL-GNS-001,0,shopify,12,continue,manual,30,42,TRUE,FALSE,https://images.unsplash.com/photo-ShuXkYOkDvs?w=600&q=80&auto=format&fit=crop,Glutathione Niacinamide Sunscreen APLB,active
jolen-creme-bleach-mild-30ml,Jolen Creme Bleach Mild Formula 30ml,<p>Décolorant poils doux formule légère. Aloe vera. Petite taille pratique. La formule enrichie en aloe vera préserve la douceur de la peau pendant le traitement.</p>,Jolen,Décolorant poils,"skincare,decolorant,doux,aloe-vera,jolen",TRUE,Titre,30ml,JOL-CBM-001,0,shopify,20,continue,manual,12,18,TRUE,FALSE,https://images.unsplash.com/photo-ShuXkYOkDvs?w=600&q=80&auto=format&fit=crop,Jolen Creme Bleach Mild Formula 30ml,active
jolen-creme-bleach-113g,Jolen Creme Bleach 113g,<p>Décolorant poils grande taille. Formule douce et efficace. Résultat naturel. La grande taille économique pour une utilisation régulière. Formule éprouvée depuis des décennies.</p>,Jolen,Décolorant poils,"skincare,decolorant,grande-taille,jolen",TRUE,Titre,113g,JOL-CBG-001,0,shopify,20,continue,manual,16,22,TRUE,FALSE,https://images.unsplash.com/photo-ShuXkYOkDvs?w=600&q=80&auto=format&fit=crop,Jolen Creme Bleach 113g,active
bioderma-photoderm-spray-enfants,Bioderma Photoderm Pediatrics Spray SPF50+ 200ml,<p>Spray solaire enfants dès 12 mois. Protection extrême. Waterproof. Formule hypoallergénique testée dermatologiquement sur peaux sensibles des tout-petits.</p>,Bioderma,Spray solaire enfants,"skincare,solaire,spf50,enfants,waterproof,bioderma,pediatrique",TRUE,Titre,200ml,BIO-PPS-001,0,shopify,12,continue,manual,28,38,TRUE,FALSE,https://images.unsplash.com/photo-BibJjO4sYrI?w=600&q=80&auto=format&fit=crop,Bioderma Photoderm Pediatrics Spray SPF50,active
bioderma-photoderm-brume-invisible,Bioderma Photoderm Brume Invisible SPF50+ 150ml,<p>Brume solaire invisible. Peaux sensibles. Invisible et ultra-légère. Parfaite pour retoucher sa protection solaire par-dessus le maquillage sans altérer le teint.</p>,Bioderma,Brume solaire,"skincare,solaire,spf50,brume,invisible,bioderma,peaux-sensibles",TRUE,Titre,150ml,BIO-PHB-001,0,shopify,12,continue,manual,26,36,TRUE,FALSE,https://images.unsplash.com/photo-BibJjO4sYrI?w=600&q=80&auto=format&fit=crop,Bioderma Photoderm Brume Invisible SPF50,active
bioderma-atoderm-nutritive-creme,Bioderma Atoderm Nutritive Crème Nourrissante 40ml,<p>Crème nourrissante peaux sèches à très sèches. Formule réparatrice. Restaure le film hydrolipidique pour protéger les peaux fragilisées.</p>,Bioderma,Crème nourrissante,"skincare,creme,nourrissante,peaux-seches,reparatrice,bioderma",TRUE,Titre,40ml,BIO-ANC-001,0,shopify,15,continue,manual,24,34,TRUE,FALSE,https://images.unsplash.com/photo-ShuXkYOkDvs?w=600&q=80&auto=format&fit=crop,Bioderma Atoderm Nutritive Crème,active
bioderma-sebium-kerato-gel,Bioderma Sébium Kerato+ Gel-Crème 30ml,<p>Gel-crème anti-imperfections. Acide salicylique 1.8%. Contrôle du sébum. La technologie Fluidactiv normalise les excès de sébum à la source pour une peau nette durablement.</p>,Bioderma,Gel-crème anti-imperfections,"skincare,gel,anti-imperfections,salicylique,sebum,bioderma,sebium",TRUE,Titre,30ml,BIO-SKG-001,0,shopify,12,continue,manual,22,32,TRUE,FALSE,https://images.unsplash.com/photo-ShuXkYOkDvs?w=600&q=80&auto=format&fit=crop,Bioderma Sebium Kerato Gel-Crème,active
bioderma-cicabio-spf50,Bioderma Cicabio Crème+ SPF50+ PA++++ 40ml,<p>Crème ultra-réparatrice avec SPF50+. Anti-cicatrices + anti-hyperpigmentation. Double action réparatrice et protectrice pour les peaux abîmées ou post-traitement.</p>,Bioderma,Crème ultra-réparatrice,"skincare,creme,reparatrice,spf50,anti-cicatrices,bioderma,cicabio",TRUE,Titre,40ml,BIO-CCS-001,0,shopify,12,continue,manual,28,38,TRUE,FALSE,https://images.unsplash.com/photo-ShuXkYOkDvs?w=600&q=80&auto=format&fit=crop,Bioderma Cicabio Crème SPF50,active
bioderma-cicabio-sans-spf,Bioderma Cicabio Crème+ 40ml,"<p>Crème réparatrice. Visage/corps/zones intimes. Cicatrices et marques. Formule polyvalente pour toutes les zones sensibles, y compris les zones post-chirurgicales.</p>",Bioderma,Crème ultra-réparatrice,"skincare,creme,reparatrice,cicatrices,bioderma,cicabio",TRUE,Titre,40ml,BIO-CCS-002,0,shopify,12,continue,manual,26,36,TRUE,FALSE,https://images.unsplash.com/photo-ShuXkYOkDvs?w=600&q=80&auto=format&fit=crop,Bioderma Cicabio Crème sans SPF,active
bioderma-sensibio-ar-cream,Bioderma Sensibio AR+ Cream 40ml,<p>Crème anti-rougeurs pour peaux sensibles réactives. Apaisement immédiat. Le complexe Regescine+ cible spécifiquement les mécanismes des rougeurs persistantes.</p>,Bioderma,Crème anti-rougeurs,"skincare,creme,anti-rougeurs,peaux-sensibles,apaisant,bioderma,sensibio",TRUE,Titre,40ml,BIO-SAR-001,0,shopify,12,continue,manual,26,36,TRUE,FALSE,https://images.unsplash.com/photo-ShuXkYOkDvs?w=600&q=80&auto=format&fit=crop,Bioderma Sensibio AR+ Cream,active
bioderma-pigmentbio-zones-sensibles,Bioderma Pigmentbio Sensitive Areas 75ml,"<p>Soin éclaircissant zones intimes. Dépigmentant doux et efficace. Formule spécialement conçue pour les zones sensibles, avec une tolérance maximale.</p>",Bioderma,Soin éclaircissant ciblé,"skincare,eclaircissant,zones-intimes,depigmentant,bioderma,pigmentbio",TRUE,Titre,75ml,BIO-PSA-001,0,shopify,10,continue,manual,32,44,TRUE,FALSE,https://images.unsplash.com/photo-ShuXkYOkDvs?w=600&q=80&auto=format&fit=crop,Bioderma Pigmentbio Sensitive Areas,active
bioderma-pigmentbio-foaming-cream,Bioderma Pigmentbio Foaming Cream 200ml,<p>Nettoyant éclaircissant moussant. Exfolie + unifie + illumine. Tous les types de peaux. Triple action en un seul geste pour un teint unifié et lumineux.</p>,Bioderma,Nettoyant éclaircissant,"skincare,nettoyant,eclaircissant,moussant,bioderma,pigmentbio",TRUE,Titre,200ml,BIO-PFC-001,0,shopify,12,continue,manual,28,38,TRUE,FALSE,https://images.unsplash.com/photo-ShuXkYOkDvs?w=600&q=80&auto=format&fit=crop,Bioderma Pigmentbio Foaming Cream,active
aroma-zone-serum-collagene,Aroma-Zone Sérum Collagène Vegan 1.5%,<p>Sérum collagène vegan 1.5%. Made in France. Élasticité + rides + fermeté. Formule 100% vegan et cruelty-free pour une beauté éthique et efficace.</p>,Aroma-Zone,Sérum concentré,"skincare,serum,collagene,vegan,made-in-france,aroma-zone",TRUE,Titre,Taille unique,ARZ-SCV-001,0,shopify,15,continue,manual,24,34,TRUE,FALSE,https://images.unsplash.com/photo-j24HPh0Q84g?w=600&q=80&auto=format&fit=crop,Aroma-Zone Sérum Collagène Vegan,active
jaysuing-snow-bleach,Jaysuing Snow Bleach 30ml,<p>Soin éclaircissant intensif visage et corps. Effet rapid blancheur. Formule concentrée pour une efficacité maximale sur les taches et les zones sombres.</p>,Jaysuing,Soin éclaircissant intensif,"skincare,eclaircissant,blancheur,taches,jaysuing",TRUE,Titre,30ml,JAY-SNB-001,0,shopify,15,continue,manual,22,30,TRUE,FALSE,https://images.unsplash.com/photo-ShuXkYOkDvs?w=600&q=80&auto=format&fit=crop,Jaysuing Snow Bleach 30ml,active
aroma-zone-serum-hyaluronique,Aroma-Zone Sérum Acide Hyaluronique 3.5%,<p>Sérum acide hyaluronique 3.5%. Made in France. Hydratation anti-âge maximale. La concentration de 3.5% en AH offre une hydratation en profondeur pour toutes les couches de la peau.</p>,Aroma-Zone,Sérum concentré,"skincare,serum,acide-hyaluronique,hydratant,made-in-france,anti-age,aroma-zone",TRUE,Titre,Taille unique,ARZ-SAH-001,0,shopify,15,continue,manual,26,36,TRUE,FALSE,https://images.unsplash.com/photo-j24HPh0Q84g?w=600&q=80&auto=format&fit=crop,Aroma-Zone Sérum Acide Hyaluronique,active
etiaxil-deodorant-men,Etiaxil Déodorant Men Anti-Transpirant 48h,"<p>Déodorant aérosol sans alcool peaux sensibles. Efficacité 48h garantie. Formule douce testée dermatologiquement, sans alcool, pour une protection longue durée confortable.</p>",Etiaxil,Déodorant,"soins-complementaires,deodorant,homme,anti-transpirant,48h,etiaxil",TRUE,Titre,Taille unique,ETI-DMN-001,0,shopify,20,continue,manual,18,26,TRUE,FALSE,https://images.unsplash.com/photo-ShuXkYOkDvs?w=600&q=80&auto=format&fit=crop,Etiaxil Déodorant Men Anti-Transpirant,active
la-roche-posay-mela-b3-gel-peeling,La Roche-Posay Mela B3 Gel Micro-Peeling Anti-Taches 200ml,<p>Gel micro-peeling anti-taches. Melasyl + niacinamide/vitamine B3 + PHA. La molécule exclusive Melasyl agit sur toutes les formes de taches pour un teint homogène.</p>,La Roche-Posay,Gel micro-peeling,"skincare,gel,peeling,anti-taches,niacinamide,la-roche-posay,melasyl",TRUE,Titre,200ml,LRP-MBG-001,0,shopify,12,continue,manual,32,44,TRUE,FALSE,https://images.unsplash.com/photo-ShuXkYOkDvs?w=600&q=80&auto=format&fit=crop,La Roche-Posay Mela B3 Gel Micro-Peeling,active
la-roche-posay-vitamin-c-cleanser,La Roche-Posay Vitamin C Cleanser Moussant 200ml,"<p>Nettoyant moussant vitaminé. Antioxydant et purifiant. Éclat et fraîcheur. Enrichi en vitamine C pure, ce nettoyant protège la peau du stress oxydatif dès le matin.</p>",La Roche-Posay,Nettoyant moussant,"skincare,nettoyant,vitamine-c,moussant,antioxydant,la-roche-posay",TRUE,Titre,200ml,LRP-VCC-001,0,shopify,12,continue,manual,26,36,TRUE,FALSE,https://images.unsplash.com/photo-ShuXkYOkDvs?w=600&q=80&auto=format&fit=crop,La Roche-Posay Vitamin C Cleanser,active
la-roche-posay-hydraphase-riche,La Roche-Posay Hydraphase Riche Cream 40ml,<p>Crème riche hydratante. Intensité maximale pour peaux très sèches. L'eau thermale de la Roche-Posay apaise et renforce la barrière cutanée pour une hydratation durable.</p>,La Roche-Posay,Crème riche,"skincare,creme,hydratante,peaux-seches,riche,la-roche-posay",TRUE,Titre,40ml,LRP-HRC-001,0,shopify,12,continue,manual,28,38,TRUE,FALSE,https://images.unsplash.com/photo-ShuXkYOkDvs?w=600&q=80&auto=format&fit=crop,La Roche-Posay Hydraphase Riche Cream,active
la-roche-posay-cicalfate-cream,La Roche-Posay Cicalfate+ Cream 100ml,"<p>Crème réparatrice protectrice. Cicatrices + irritations. Efficacité prouvée. Recommandée après les actes dermatologiques, cette crème accélère la cicatrisation naturelle.</p>",La Roche-Posay,Crème réparatrice,"skincare,creme,reparatrice,cicatrices,la-roche-posay,cicalfate",TRUE,Titre,100ml,LRP-CCA-001,0,shopify,12,continue,manual,30,42,TRUE,FALSE,https://images.unsplash.com/photo-ShuXkYOkDvs?w=600&q=80&auto=format&fit=crop,La Roche-Posay Cicalfate+ Cream,active
la-roche-posay-effaclar-mat,La Roche-Posay Effaclar Mat+ Hydratant 40ml,<p>Crème matifiante hydratante. Peaux grasses. Sebo-régulation et confort. Matifie les brillances pendant 8h tout en maintenant l'hydratation pour des peaux fraîches et nettes.</p>,La Roche-Posay,Crème matifiante,"skincare,creme,matifiante,peaux-grasses,sebum,la-roche-posay,effaclar",TRUE,Titre,40ml,LRP-EFM-001,0,shopify,12,continue,manual,26,36,TRUE,FALSE,https://images.unsplash.com/photo-ShuXkYOkDvs?w=600&q=80&auto=format&fit=crop,La Roche-Posay Effaclar Mat+ Hydratant,active
la-roche-posay-mela-b3-spf30,La Roche-Posay Mela B3 SPF30 Anti-Dark Spots Corrective Care 40ml,<p>Crème solaire correctrice taches. SPF30 + Melasyl. Protection + correction. Double action pour corriger les taches existantes et prévenir les nouvelles sous l'effet du soleil.</p>,La Roche-Posay,Crème solaire correctrice,"skincare,solaire,spf30,anti-taches,la-roche-posay,melasyl",TRUE,Titre,40ml,LRP-MBS-001,0,shopify,12,continue,manual,28,38,TRUE,FALSE,https://images.unsplash.com/photo-ShuXkYOkDvs?w=600&q=80&auto=format&fit=crop,La Roche-Posay Mela B3 SPF30,active
la-roche-posay-anthelios-hydratante,La Roche-Posay Anthelios UVMune 400 Crème Hydratante 50ml,"<p>Crème solaire UVMune hydratante. SPF50+. Protection ultra-large spectre. La technologie Mexoryl 400 protège contre les UVA longs, responsables du vieillissement prématuré.</p>",La Roche-Posay,Crème solaire hydratante,"skincare,solaire,spf50,hydratant,la-roche-posay,anthelios,uvmune",TRUE,Titre,50ml,LRP-AUH-001,0,shopify,12,continue,manual,32,44,TRUE,FALSE,https://images.unsplash.com/photo-ShuXkYOkDvs?w=600&q=80&auto=format&fit=crop,La Roche-Posay Anthelios UVMune Hydratante,active
la-roche-posay-anthelios-oil-control,La Roche-Posay Anthelios UVMune 400 Crème Gel-Oil Control 50ml,<p>Crème solaire oil-control. SPF50+. Peaux grasses à mixtes. Formule gel légère et invisible qui matifie instantanément tout en offrant une protection solaire maximale.</p>,La Roche-Posay,Crème solaire oil-control,"skincare,solaire,spf50,oil-control,peaux-grasses,la-roche-posay,anthelios",TRUE,Titre,50ml,LRP-AUO-001,0,shopify,12,continue,manual,32,44,TRUE,FALSE,https://images.unsplash.com/photo-ShuXkYOkDvs?w=600&q=80&auto=format&fit=crop,La Roche-Posay Anthelios Oil Control,active
la-roche-posay-pure-vitamin-c-serum,La Roche-Posay Pure Vitamin C12 Serum 30ml,<p>Sérum vitamine C pure 12%. Anti-rides + anti-oxydant + antitache. La vitamine C pure en concentration 12% est la forme la plus efficace pour un éclat instantané et durable.</p>,La Roche-Posay,Sérum vitaminé,"skincare,serum,vitamine-c,anti-rides,antioxydant,anti-taches,la-roche-posay",TRUE,Titre,30ml,LRP-PVC-001,0,shopify,10,continue,manual,36,50,TRUE,FALSE,https://images.unsplash.com/photo-j24HPh0Q84g?w=600&q=80&auto=format&fit=crop,La Roche-Posay Pure Vitamin C12 Serum,active
vichy-capital-soleil-onctueuse-50ml,Vichy Capital Soleil SPF50+ Crème Onctueuse Protectrice 50ml,<p>Crème solaire onctueuse. SPF50+. Texture luxe et protection maximale. La texture onctueuse signature Vichy fond sur la peau pour un fini parfait et une protection totale.</p>,Vichy,Crème solaire richement protectrice,"skincare,solaire,spf50,onctueuse,vichy,capital-soleil",TRUE,Titre,50ml,VIC-CSO-001,0,shopify,12,continue,manual,28,38,TRUE,FALSE,https://images.unsplash.com/photo-ShuXkYOkDvs?w=600&q=80&auto=format&fit=crop,Vichy Capital Soleil SPF50 Onctueuse,active
vichy-capital-soleil-teintee,Vichy Capital Soleil SPF50+ Crème Teintée 40ml,<p>Crème solaire teintée. SPF50+. Unifiance et protection. La teinte universelle s'adapte à tous les carnats pour un teint naturellement unifié sous le soleil.</p>,Vichy,Crème solaire teintée,"skincare,solaire,spf50,teinté,vichy,capital-soleil",TRUE,Titre,40ml,VIC-CST-001,0,shopify,12,continue,manual,26,36,TRUE,FALSE,https://images.unsplash.com/photo-ShuXkYOkDvs?w=600&q=80&auto=format&fit=crop,Vichy Capital Soleil SPF50 Teintée,active
vichy-capital-soleil-3en1-50ml,Vichy Capital Soleil SPF50+ Crème Unctueuse Anti-Taches 3-en-1 50ml,"<p>Crème solaire 3-en-1. SPF50+. Protection + unifiance + anti-taches. Triple bénéfice pour simplifier sa routine : un seul produit remplace crème solaire, soin unifiant et correcteur de taches.</p>",Vichy,Crème solaire multi-action,"skincare,solaire,spf50,anti-taches,3-en-1,vichy",TRUE,Titre,50ml,VIC-CS3-001,0,shopify,12,continue,manual,30,42,TRUE,FALSE,https://images.unsplash.com/photo-ShuXkYOkDvs?w=600&q=80&auto=format&fit=crop,Vichy Capital Soleil SPF50 3-en-1,active
vichy-capital-soleil-anti-dark-spot,Vichy Capital Soleil SPF50+ Anti-Dark Spot 3-en-1 Soin Protecteur 50ml,<p>Crème solaire anti-taches. SPF50+. Prévention + correction des taches. La combinaison de filtres UVA/UVB + actifs éclaircissants offre une protection anti-taches complète.</p>,Vichy,Crème solaire anti-taches,"skincare,solaire,spf50,anti-taches,vichy,capital-soleil",TRUE,Titre,50ml,VIC-ADS-001,0,shopify,12,continue,manual,30,42,TRUE,FALSE,https://images.unsplash.com/photo-ShuXkYOkDvs?w=600&q=80&auto=format&fit=crop,Vichy Capital Soleil Anti Dark Spot,active
vichy-capital-soleil-toucher-sec,Vichy Capital Soleil SPF50+ Emulsion Protectrice Toucher Sec 50ml,"<p>Crème solaire émulsion. SPF50+. Toucher sec et léger pour tous les types. La formule innovante laisse un fini sec ultra-confortable, idéale sous le maquillage.</p>",Vichy,Crème solaire toucher sec,"skincare,solaire,spf50,toucher-sec,emulsion,vichy",TRUE,Titre,50ml,VIC-CTS-001,0,shopify,12,continue,manual,28,38,TRUE,FALSE,https://images.unsplash.com/photo-ShuXkYOkDvs?w=600&q=80&auto=format&fit=crop,Vichy Capital Soleil SPF50 Toucher Sec,active
vichy-liftactiv-serum-ha,Vichy Liftactiv Supreme H.A. Epidermic Filler Sérum 30ml,<p>Sérum acide hyaluronique remplissant. Rides comblées. Effet lifting. Le complexe H.A. Epidermic Filler agit comme un remplisseur naturel des rides pour un visage lissé.</p>,Vichy,Sérum remplissant,"skincare,serum,acide-hyaluronique,anti-rides,lifting,vichy,liftactiv",TRUE,Titre,30ml,VIC-LAH-001,0,shopify,10,continue,manual,40,54,TRUE,FALSE,https://images.unsplash.com/photo-j24HPh0Q84g?w=600&q=80&auto=format&fit=crop,Vichy Liftactiv Supreme H.A. Filler Serum,active
the-ordinary-glycolic-toner,The Ordinary Glycolic Acid 7% Exfoliating Toner 240ml,"<p>Tonique exfoliant AHA glycolique 7%. Quotidien. Texture légère hydratante. Le best-seller mondial de l'exfoliation chimique accessible. Éclat, texture et uniformité dès 4 semaines.</p>",The Ordinary,Tonique exfoliant,"soins-complementaires,tonique,aha,glycolique,exfoliant,the-ordinary",TRUE,Titre,240ml,ORD-GAT-001,0,shopify,20,continue,manual,12,18,TRUE,FALSE,https://images.unsplash.com/photo-9PnU-U7V6YE?w=600&q=80&auto=format&fit=crop,The Ordinary Glycolic Acid Toner,active
the-ordinary-lip-lash-set,The Ordinary Lip & Lash Set,"<p>Ensemble multiusage pour lèvres et cils. Hydratation + nutrition. Le duo iconique The Ordinary pour des lèvres pulpeuses et des cils nourris, au prix le plus juste.</p>",The Ordinary,Ensemble lèvres & cils,"soins-complementaires,levres,cils,hydratant,the-ordinary,set",TRUE,Titre,Taille unique,ORD-LLS-001,0,shopify,20,continue,manual,24,34,TRUE,FALSE,https://images.unsplash.com/photo-tvLvkRMNl70?w=600&q=80&auto=format&fit=crop,The Ordinary Lip and Lash Set,active
the-ordinary-niacinamide-zinc-serum,The Ordinary Niacinamide 10% + Zinc 1% Serum 30ml,"<p>Sérum niacinamide 10% + zinc. Régulation sébum et pores. Clarté immédiate. Le sérum le plus vendu au monde pour les peaux grasses. Simple, efficace, au meilleur prix.</p>",The Ordinary,Sérum niacinamide,"soins-complementaires,serum,niacinamide,zinc,pores,sebum,the-ordinary",TRUE,Titre,30ml,ORD-NZS-001,0,shopify,20,continue,manual,8,14,TRUE,FALSE,https://images.unsplash.com/photo-j24HPh0Q84g?w=600&q=80&auto=format&fit=crop,The Ordinary Niacinamide Zinc Serum,active
the-ordinary-caffeine-serum,The Ordinary Caffeine Solution 5% + EGCG 30ml,<p>Sérum caféine 5% + EGCG. Cernes et poches réduits. Contour yeux. La caféine associée au puissant antioxydant EGCG décongestionnne et tonifie le contour des yeux.</p>,The Ordinary,Sérum caféine,"soins-complementaires,serum,cafeine,cernes,yeux,the-ordinary",TRUE,Titre,30ml,ORD-CAF-001,0,shopify,20,continue,manual,10,16,TRUE,FALSE,https://images.unsplash.com/photo-j24HPh0Q84g?w=600&q=80&auto=format&fit=crop,The Ordinary Caffeine Solution EGCG,active
the-ordinary-vitamin-c-suspension,The Ordinary Vitamin C Suspension 30% in Silicone 30ml,<p>Sérum vitamine C 30% en suspension. Anti-oxydant puissant. Efficacité maximale. La concentration de 30% est la plus haute disponible pour des résultats éclatants visibles.</p>,The Ordinary,Sérum vitamine C,"soins-complementaires,serum,vitamine-c,antioxydant,the-ordinary",TRUE,Titre,30ml,ORD-VCS-001,0,shopify,20,continue,manual,12,18,TRUE,FALSE,https://images.unsplash.com/photo-j24HPh0Q84g?w=600&q=80&auto=format&fit=crop,The Ordinary Vitamin C Suspension 30%,active
the-ordinary-body-lotion,The Ordinary Natural Moisturizing Factors + HA Body Lotion 240ml,<p>Lotion corps hydratante. Facteurs naturels + acide hyaluronique. Hydratation douce. La formule NMF reproduit les facteurs naturels hydratants de la peau pour une hydratation mimétique.</p>,The Ordinary,Lotion corps,"soins-complementaires,corps,lotion,hydratant,acide-hyaluronique,the-ordinary",TRUE,Titre,240ml,ORD-NMF-001,0,shopify,15,continue,manual,8,14,TRUE,FALSE,https://images.unsplash.com/photo-RLxWVl7dCg8?w=600&q=80&auto=format&fit=crop,The Ordinary Body Lotion NMF,active
mavala-double-lash-serum,Mavala Double-Lash Serum Lash Length & Volume Care 10ml,<p>Sérum cils repulpant. Longueur + épaisseur. Résultats visibles en 4 semaines. Le sérum cils de référence suisse. Actifs nourissants qui stimulent la pousse pour des cils dramatiques.</p>,Mavala,Sérum cils,"soins-complementaires,cils,serum,volume,longueur,mavala",TRUE,Titre,10ml,MAV-DLS-001,0,shopify,20,continue,manual,28,38,TRUE,FALSE,https://images.unsplash.com/photo-j24HPh0Q84g?w=600&q=80&auto=format&fit=crop,Mavala Double-Lash Serum,active
